{"in_position": true, "buy_price": 66906.9, "target": 67375.24829999999, "stop": 64899.69299999999}